x_m,normalized_concentration,analytical_concentration
0.0,1.0,1.0
0.0625,0.9374999999999999,0.9375
0.125,0.8749999999999998,0.875
0.1875,0.8124999999999998,0.8125
0.25,0.7499999999999998,0.75
0.3125,0.6874999999999997,0.6875
0.375,0.6249999999999996,0.625
0.4375,0.5624999999999996,0.5625
0.5,0.4999999999999996,0.5
0.5625,0.4374999999999997,0.4375
0.625,0.3749999999999997,0.375
0.6875,0.3124999999999998,0.3125
0.75,0.2499999999999998,0.25
0.8125,0.18749999999999986,0.1875
0.875,0.12499999999999993,0.125
0.9375,0.062499999999999965,0.0625
1.0,0.0,0.0
