property,temperature_C,value,unit,source_locator
cp,-18,402,J_kgK,Special Metals INCONEL 625 bulletin p.2 Table 2
cp,21,410,J_kgK,Special Metals INCONEL 625 bulletin p.2 Table 2
cp,93,427,J_kgK,Special Metals INCONEL 625 bulletin p.2 Table 2
cp,204,456,J_kgK,Special Metals INCONEL 625 bulletin p.2 Table 2
cp,316,481,J_kgK,Special Metals INCONEL 625 bulletin p.2 Table 2
cp,427,511,J_kgK,Special Metals INCONEL 625 bulletin p.2 Table 2
cp,538,536,J_kgK,Special Metals INCONEL 625 bulletin p.2 Table 2
cp,649,565,J_kgK,Special Metals INCONEL 625 bulletin p.2 Table 2
cp,760,590,J_kgK,Special Metals INCONEL 625 bulletin p.2 Table 2
cp,871,620,J_kgK,Special Metals INCONEL 625 bulletin p.2 Table 2
cp,982,645,J_kgK,Special Metals INCONEL 625 bulletin p.2 Table 2
cp,1093,670,J_kgK,Special Metals INCONEL 625 bulletin p.2 Table 2
k,-157,7.2,W_mK,Special Metals INCONEL 625 bulletin p.2 Table 3
k,-129,7.5,W_mK,Special Metals INCONEL 625 bulletin p.2 Table 3
k,-73,8.4,W_mK,Special Metals INCONEL 625 bulletin p.2 Table 3
k,-18,9.2,W_mK,Special Metals INCONEL 625 bulletin p.2 Table 3
k,21,9.8,W_mK,Special Metals INCONEL 625 bulletin p.2 Table 3
k,38,10.1,W_mK,Special Metals INCONEL 625 bulletin p.2 Table 3
k,93,10.8,W_mK,Special Metals INCONEL 625 bulletin p.2 Table 3
k,204,12.5,W_mK,Special Metals INCONEL 625 bulletin p.2 Table 3
k,316,14.1,W_mK,Special Metals INCONEL 625 bulletin p.2 Table 3
k,427,15.7,W_mK,Special Metals INCONEL 625 bulletin p.2 Table 3
k,538,17.5,W_mK,Special Metals INCONEL 625 bulletin p.2 Table 3
k,649,19.0,W_mK,Special Metals INCONEL 625 bulletin p.2 Table 3
k,760,20.8,W_mK,Special Metals INCONEL 625 bulletin p.2 Table 3
k,871,22.8,W_mK,Special Metals INCONEL 625 bulletin p.2 Table 3
k,982,25.2,W_mK,Special Metals INCONEL 625 bulletin p.2 Table 3
