property,temperature_C,value,rule
k,25.0,9.870588235294118,common_interpolation
k,38.0,10.1,common_interpolation
k,93.0,10.8,common_interpolation
k,204.0,12.5,common_interpolation
k,316.0,14.1,common_interpolation
k,427.0,15.7,common_interpolation
k,538.0,17.5,common_interpolation
k,649.0,19.0,common_interpolation
k,760.0,20.8,common_interpolation
k,871.0,22.8,common_interpolation
k,982.0,25.2,common_interpolation
k,982.0,25.2,L_final_secant
k,982.0,25.2,H_last_value
k,987.5616438356165,25.320251758607924,L_final_secant
k,987.5616438356165,25.2,H_last_value
k,993.1232876712329,25.440503517215845,L_final_secant
k,993.1232876712329,25.2,H_last_value
k,998.6849315068494,25.56075527582377,L_final_secant
k,998.6849315068494,25.2,H_last_value
k,1004.2465753424658,25.68100703443169,L_final_secant
k,1004.2465753424658,25.2,H_last_value
k,1009.8082191780821,25.80125879303961,L_final_secant
k,1009.8082191780821,25.2,H_last_value
k,1015.3698630136986,25.921510551647536,L_final_secant
k,1015.3698630136986,25.2,H_last_value
k,1020.931506849315,26.04176231025546,L_final_secant
k,1020.931506849315,25.2,H_last_value
k,1026.4931506849316,26.162014068863385,L_final_secant
k,1026.4931506849316,25.2,H_last_value
k,1032.054794520548,26.282265827471306,L_final_secant
k,1032.054794520548,25.2,H_last_value
k,1037.6164383561643,26.402517586079227,L_final_secant
k,1037.6164383561643,25.2,H_last_value
k,1043.1780821917807,26.52276934468715,L_final_secant
k,1043.1780821917807,25.2,H_last_value
k,1048.7397260273972,26.643021103295073,L_final_secant
k,1048.7397260273972,25.2,H_last_value
k,1054.3013698630136,26.763272861902998,L_final_secant
k,1054.3013698630136,25.2,H_last_value
k,1059.86301369863,26.88352462051092,L_final_secant
k,1059.86301369863,25.2,H_last_value
k,1065.4246575342465,27.003776379118843,L_final_secant
k,1065.4246575342465,25.2,H_last_value
k,1070.986301369863,27.124028137726764,L_final_secant
k,1070.986301369863,25.2,H_last_value
k,1076.5479452054794,27.24427989633469,L_final_secant
k,1076.5479452054794,25.2,H_last_value
k,1082.109589041096,27.36453165494261,L_final_secant
k,1082.109589041096,25.2,H_last_value
k,1087.6712328767123,27.484783413550534,L_final_secant
k,1087.6712328767123,25.2,H_last_value
k,1093.2328767123288,27.60503517215846,L_final_secant
k,1093.2328767123288,25.2,H_last_value
k,1098.7945205479452,27.72528693076638,L_final_secant
k,1098.7945205479452,25.2,H_last_value
k,1104.3561643835617,27.845538689374305,L_final_secant
k,1104.3561643835617,25.2,H_last_value
k,1109.9178082191781,27.96579044798223,L_final_secant
k,1109.9178082191781,25.2,H_last_value
k,1115.4794520547946,28.08604220659015,L_final_secant
k,1115.4794520547946,25.2,H_last_value
k,1121.041095890411,28.206293965198075,L_final_secant
k,1121.041095890411,25.2,H_last_value
k,1126.6027397260275,28.326545723805996,L_final_secant
k,1126.6027397260275,25.2,H_last_value
k,1132.1643835616437,28.446797482413917,L_final_secant
k,1132.1643835616437,25.2,H_last_value
k,1137.7260273972602,28.567049241021838,L_final_secant
k,1137.7260273972602,25.2,H_last_value
k,1143.2876712328766,28.687300999629763,L_final_secant
k,1143.2876712328766,25.2,H_last_value
k,1148.849315068493,28.807552758237684,L_final_secant
k,1148.849315068493,25.2,H_last_value
k,1154.4109589041095,28.927804516845608,L_final_secant
k,1154.4109589041095,25.2,H_last_value
k,1159.972602739726,29.048056275453533,L_final_secant
k,1159.972602739726,25.2,H_last_value
k,1165.5342465753424,29.168308034061454,L_final_secant
k,1165.5342465753424,25.2,H_last_value
k,1171.0958904109589,29.28855979266938,L_final_secant
k,1171.0958904109589,25.2,H_last_value
k,1176.6575342465753,29.408811551277303,L_final_secant
k,1176.6575342465753,25.2,H_last_value
k,1182.2191780821918,29.529063309885224,L_final_secant
k,1182.2191780821918,25.2,H_last_value
k,1187.7808219178082,29.64931506849315,L_final_secant
k,1187.7808219178082,25.2,H_last_value
k,1193.3424657534247,29.76956682710107,L_final_secant
k,1193.3424657534247,25.2,H_last_value
k,1198.9041095890411,29.889818585708994,L_final_secant
k,1198.9041095890411,25.2,H_last_value
k,1204.4657534246576,30.010070344316915,L_final_secant
k,1204.4657534246576,25.2,H_last_value
k,1210.027397260274,30.13032210292484,L_final_secant
k,1210.027397260274,25.2,H_last_value
k,1215.5890410958905,30.250573861532764,L_final_secant
k,1215.5890410958905,25.2,H_last_value
k,1221.150684931507,30.370825620140685,L_final_secant
k,1221.150684931507,25.2,H_last_value
k,1226.7123287671234,30.49107737874861,L_final_secant
k,1226.7123287671234,25.2,H_last_value
k,1232.2739726027398,30.611329137356535,L_final_secant
k,1232.2739726027398,25.2,H_last_value
k,1237.8356164383563,30.731580895964456,L_final_secant
k,1237.8356164383563,25.2,H_last_value
k,1243.3972602739727,30.85183265457238,L_final_secant
k,1243.3972602739727,25.2,H_last_value
k,1248.9589041095892,30.972084413180305,L_final_secant
k,1248.9589041095892,25.2,H_last_value
k,1254.5205479452054,31.09233617178822,L_final_secant
k,1254.5205479452054,25.2,H_last_value
k,1260.0821917808219,31.212587930396143,L_final_secant
k,1260.0821917808219,25.2,H_last_value
k,1265.6438356164383,31.332839689004068,L_final_secant
k,1265.6438356164383,25.2,H_last_value
k,1271.2054794520548,31.45309144761199,L_final_secant
k,1271.2054794520548,25.2,H_last_value
k,1276.7671232876712,31.573343206219914,L_final_secant
k,1276.7671232876712,25.2,H_last_value
k,1282.3287671232877,31.693594964827838,L_final_secant
k,1282.3287671232877,25.2,H_last_value
k,1287.890410958904,31.81384672343576,L_final_secant
k,1287.890410958904,25.2,H_last_value
k,1293.4520547945206,31.934098482043684,L_final_secant
k,1293.4520547945206,25.2,H_last_value
k,1299.013698630137,32.05435024065161,L_final_secant
k,1299.013698630137,25.2,H_last_value
k,1304.5753424657535,32.17460199925953,L_final_secant
k,1304.5753424657535,25.2,H_last_value
k,1310.13698630137,32.29485375786745,L_final_secant
k,1310.13698630137,25.2,H_last_value
k,1315.6986301369864,32.41510551647538,L_final_secant
k,1315.6986301369864,25.2,H_last_value
k,1321.2602739726028,32.5353572750833,L_final_secant
k,1321.2602739726028,25.2,H_last_value
k,1326.821917808219,32.65560903369122,L_final_secant
k,1326.821917808219,25.2,H_last_value
k,1332.3835616438355,32.77586079229914,L_final_secant
k,1332.3835616438355,25.2,H_last_value
k,1337.945205479452,32.89611255090706,L_final_secant
k,1337.945205479452,25.2,H_last_value
k,1343.5068493150684,33.016364309514984,L_final_secant
k,1343.5068493150684,25.2,H_last_value
k,1349.0684931506848,33.13661606812291,L_final_secant
k,1349.0684931506848,25.2,H_last_value
k,1354.6301369863013,33.25686782673083,L_final_secant
k,1354.6301369863013,25.2,H_last_value
k,1360.1917808219177,33.37711958533876,L_final_secant
k,1360.1917808219177,25.2,H_last_value
k,1365.7534246575342,33.49737134394668,L_final_secant
k,1365.7534246575342,25.2,H_last_value
k,1371.3150684931506,33.6176231025546,L_final_secant
k,1371.3150684931506,25.2,H_last_value
k,1376.876712328767,33.737874861162524,L_final_secant
k,1376.876712328767,25.2,H_last_value
k,1382.4383561643835,33.858126619770445,L_final_secant
k,1382.4383561643835,25.2,H_last_value
k,1388.0,33.97837837837837,L_final_secant
k,1388.0,25.2,H_last_value
k,1393.5616438356165,34.098630136986294,L_final_secant
k,1393.5616438356165,25.2,H_last_value
k,1399.123287671233,34.21888189559422,L_final_secant
k,1399.123287671233,25.2,H_last_value
k,1404.6849315068494,34.33913365420214,L_final_secant
k,1404.6849315068494,25.2,H_last_value
k,1410.2465753424658,34.459385412810065,L_final_secant
k,1410.2465753424658,25.2,H_last_value
k,1415.8082191780823,34.579637171417986,L_final_secant
k,1415.8082191780823,25.2,H_last_value
k,1421.3698630136987,34.699888930025914,L_final_secant
k,1421.3698630136987,25.2,H_last_value
k,1426.9315068493152,34.820140688633835,L_final_secant
k,1426.9315068493152,25.2,H_last_value
k,1432.4931506849316,34.940392447241756,L_final_secant
k,1432.4931506849316,25.2,H_last_value
k,1438.054794520548,35.060644205849684,L_final_secant
k,1438.054794520548,25.2,H_last_value
k,1443.6164383561645,35.180895964457605,L_final_secant
k,1443.6164383561645,25.2,H_last_value
k,1449.178082191781,35.301147723065526,L_final_secant
k,1449.178082191781,25.2,H_last_value
k,1454.7397260273972,35.42139948167345,L_final_secant
k,1454.7397260273972,25.2,H_last_value
k,1460.3013698630136,35.54165124028137,L_final_secant
k,1460.3013698630136,25.2,H_last_value
k,1465.86301369863,35.66190299888929,L_final_secant
k,1465.86301369863,25.2,H_last_value
k,1471.4246575342465,35.78215475749722,L_final_secant
k,1471.4246575342465,25.2,H_last_value
k,1476.986301369863,35.90240651610514,L_final_secant
k,1476.986301369863,25.2,H_last_value
k,1482.5479452054794,36.02265827471306,L_final_secant
k,1482.5479452054794,25.2,H_last_value
k,1488.109589041096,36.14291003332099,L_final_secant
k,1488.109589041096,25.2,H_last_value
k,1493.6712328767123,36.26316179192891,L_final_secant
k,1493.6712328767123,25.2,H_last_value
k,1499.2328767123288,36.38341355053683,L_final_secant
k,1499.2328767123288,25.2,H_last_value
k,1504.7945205479452,36.50366530914475,L_final_secant
k,1504.7945205479452,25.2,H_last_value
k,1510.3561643835617,36.62391706775268,L_final_secant
k,1510.3561643835617,25.2,H_last_value
k,1515.9178082191781,36.7441688263606,L_final_secant
k,1515.9178082191781,25.2,H_last_value
k,1521.4794520547944,36.86442058496852,L_final_secant
k,1521.4794520547944,25.2,H_last_value
k,1527.0410958904108,36.98467234357644,L_final_secant
k,1527.0410958904108,25.2,H_last_value
k,1532.6027397260273,37.10492410218437,L_final_secant
k,1532.6027397260273,25.2,H_last_value
k,1538.1643835616437,37.22517586079229,L_final_secant
k,1538.1643835616437,25.2,H_last_value
k,1543.7260273972602,37.34542761940021,L_final_secant
k,1543.7260273972602,25.2,H_last_value
k,1549.2876712328766,37.46567937800813,L_final_secant
k,1549.2876712328766,25.2,H_last_value
k,1554.849315068493,37.585931136616054,L_final_secant
k,1554.849315068493,25.2,H_last_value
k,1560.4109589041095,37.70618289522398,L_final_secant
k,1560.4109589041095,25.2,H_last_value
k,1565.972602739726,37.8264346538319,L_final_secant
k,1565.972602739726,25.2,H_last_value
k,1571.5342465753424,37.94668641243983,L_final_secant
k,1571.5342465753424,25.2,H_last_value
k,1577.0958904109589,38.06693817104775,L_final_secant
k,1577.0958904109589,25.2,H_last_value
k,1582.6575342465753,38.18718992965567,L_final_secant
k,1582.6575342465753,25.2,H_last_value
k,1588.2191780821918,38.307441688263594,L_final_secant
k,1588.2191780821918,25.2,H_last_value
k,1593.7808219178082,38.42769344687152,L_final_secant
k,1593.7808219178082,25.2,H_last_value
k,1599.3424657534247,38.547945205479444,L_final_secant
k,1599.3424657534247,25.2,H_last_value
k,1604.9041095890411,38.668196964087365,L_final_secant
k,1604.9041095890411,25.2,H_last_value
k,1610.4657534246576,38.78844872269529,L_final_secant
k,1610.4657534246576,25.2,H_last_value
k,1616.027397260274,38.908700481303214,L_final_secant
k,1616.027397260274,25.2,H_last_value
k,1621.5890410958905,39.028952239911135,L_final_secant
k,1621.5890410958905,25.2,H_last_value
k,1627.150684931507,39.149203998519056,L_final_secant
k,1627.150684931507,25.2,H_last_value
k,1632.7123287671234,39.269455757126984,L_final_secant
k,1632.7123287671234,25.2,H_last_value
k,1638.2739726027398,39.389707515734905,L_final_secant
k,1638.2739726027398,25.2,H_last_value
k,1643.8356164383563,39.50995927434283,L_final_secant
k,1643.8356164383563,25.2,H_last_value
k,1649.3972602739727,39.630211032950754,L_final_secant
k,1649.3972602739727,25.2,H_last_value
k,1654.9589041095892,39.750462791558675,L_final_secant
k,1654.9589041095892,25.2,H_last_value
k,1660.5205479452056,39.870714550166596,L_final_secant
k,1660.5205479452056,25.2,H_last_value
k,1666.082191780822,39.990966308774524,L_final_secant
k,1666.082191780822,25.2,H_last_value
k,1671.6438356164383,40.11121806738244,L_final_secant
k,1671.6438356164383,25.2,H_last_value
k,1677.2054794520548,40.23146982599036,L_final_secant
k,1677.2054794520548,25.2,H_last_value
k,1682.7671232876712,40.35172158459829,L_final_secant
k,1682.7671232876712,25.2,H_last_value
k,1688.3287671232877,40.47197334320621,L_final_secant
k,1688.3287671232877,25.2,H_last_value
k,1693.890410958904,40.59222510181414,L_final_secant
k,1693.890410958904,25.2,H_last_value
k,1699.4520547945206,40.71247686042206,L_final_secant
k,1699.4520547945206,25.2,H_last_value
k,1705.013698630137,40.83272861902998,L_final_secant
k,1705.013698630137,25.2,H_last_value
k,1710.5753424657535,40.9529803776379,L_final_secant
k,1710.5753424657535,25.2,H_last_value
k,1716.13698630137,41.07323213624583,L_final_secant
k,1716.13698630137,25.2,H_last_value
k,1721.6986301369861,41.19348389485374,L_final_secant
k,1721.6986301369861,25.2,H_last_value
k,1727.2602739726026,41.31373565346166,L_final_secant
k,1727.2602739726026,25.2,H_last_value
k,1732.821917808219,41.43398741206959,L_final_secant
k,1732.821917808219,25.2,H_last_value
k,1738.3835616438355,41.55423917067752,L_final_secant
k,1738.3835616438355,25.2,H_last_value
k,1743.945205479452,41.67449092928544,L_final_secant
k,1743.945205479452,25.2,H_last_value
k,1749.5068493150684,41.79474268789336,L_final_secant
k,1749.5068493150684,25.2,H_last_value
k,1755.0684931506848,41.91499444650128,L_final_secant
k,1755.0684931506848,25.2,H_last_value
k,1760.6301369863013,42.0352462051092,L_final_secant
k,1760.6301369863013,25.2,H_last_value
k,1766.1917808219177,42.15549796371713,L_final_secant
k,1766.1917808219177,25.2,H_last_value
k,1771.7534246575342,42.27574972232505,L_final_secant
k,1771.7534246575342,25.2,H_last_value
k,1777.3150684931506,42.39600148093298,L_final_secant
k,1777.3150684931506,25.2,H_last_value
k,1782.876712328767,42.5162532395409,L_final_secant
k,1782.876712328767,25.2,H_last_value
k,1788.4383561643835,42.63650499814882,L_final_secant
k,1788.4383561643835,25.2,H_last_value
k,1794.0,42.756756756756744,L_final_secant
k,1794.0,25.2,H_last_value
k,1799.5616438356165,42.877008515364665,L_final_secant
k,1799.5616438356165,25.2,H_last_value
k,1805.123287671233,42.99726027397259,L_final_secant
k,1805.123287671233,25.2,H_last_value
k,1810.6849315068494,43.117512032580514,L_final_secant
k,1810.6849315068494,25.2,H_last_value
k,1816.2465753424658,43.23776379118844,L_final_secant
k,1816.2465753424658,25.2,H_last_value
k,1821.8082191780823,43.35801554979636,L_final_secant
k,1821.8082191780823,25.2,H_last_value
k,1827.3698630136987,43.478267308404284,L_final_secant
k,1827.3698630136987,25.2,H_last_value
k,1832.9315068493152,43.598519067012205,L_final_secant
k,1832.9315068493152,25.2,H_last_value
k,1838.4931506849316,43.718770825620126,L_final_secant
k,1838.4931506849316,25.2,H_last_value
k,1844.054794520548,43.839022584228054,L_final_secant
k,1844.054794520548,25.2,H_last_value
k,1849.6164383561645,43.95927434283598,L_final_secant
k,1849.6164383561645,25.2,H_last_value
k,1855.178082191781,44.0795261014439,L_final_secant
k,1855.178082191781,25.2,H_last_value
k,1860.7397260273974,44.199777860051825,L_final_secant
k,1860.7397260273974,25.2,H_last_value
k,1866.3013698630139,44.320029618659746,L_final_secant
k,1866.3013698630139,25.2,H_last_value
k,1871.86301369863,44.44028137726767,L_final_secant
k,1871.86301369863,25.2,H_last_value
k,1877.4246575342465,44.56053313587559,L_final_secant
k,1877.4246575342465,25.2,H_last_value
k,1882.986301369863,44.68078489448351,L_final_secant
k,1882.986301369863,25.2,H_last_value
k,1888.5479452054794,44.80103665309144,L_final_secant
k,1888.5479452054794,25.2,H_last_value
k,1894.109589041096,44.92128841169936,L_final_secant
k,1894.109589041096,25.2,H_last_value
k,1899.6712328767123,45.041540170307286,L_final_secant
k,1899.6712328767123,25.2,H_last_value
k,1905.2328767123288,45.16179192891521,L_final_secant
k,1905.2328767123288,25.2,H_last_value
k,1910.7945205479452,45.28204368752313,L_final_secant
k,1910.7945205479452,25.2,H_last_value
k,1916.3561643835617,45.40229544613105,L_final_secant
k,1916.3561643835617,25.2,H_last_value
k,1921.9178082191781,45.52254720473897,L_final_secant
k,1921.9178082191781,25.2,H_last_value
k,1927.4794520547944,45.64279896334689,L_final_secant
k,1927.4794520547944,25.2,H_last_value
k,1933.0410958904108,45.76305072195481,L_final_secant
k,1933.0410958904108,25.2,H_last_value
k,1938.6027397260273,45.88330248056274,L_final_secant
k,1938.6027397260273,25.2,H_last_value
k,1944.1643835616437,46.00355423917066,L_final_secant
k,1944.1643835616437,25.2,H_last_value
k,1949.7260273972602,46.12380599777859,L_final_secant
k,1949.7260273972602,25.2,H_last_value
k,1955.2876712328766,46.24405775638651,L_final_secant
k,1955.2876712328766,25.2,H_last_value
k,1960.849315068493,46.36430951499443,L_final_secant
k,1960.849315068493,25.2,H_last_value
k,1966.4109589041095,46.48456127360235,L_final_secant
k,1966.4109589041095,25.2,H_last_value
k,1971.972602739726,46.604813032210274,L_final_secant
k,1971.972602739726,25.2,H_last_value
k,1977.5342465753424,46.7250647908182,L_final_secant
k,1977.5342465753424,25.2,H_last_value
k,1983.0958904109589,46.84531654942612,L_final_secant
k,1983.0958904109589,25.2,H_last_value
k,1988.6575342465753,46.96556830803405,L_final_secant
k,1988.6575342465753,25.2,H_last_value
k,1994.2191780821918,47.08582006664197,L_final_secant
k,1994.2191780821918,25.2,H_last_value
k,1999.7808219178082,47.20607182524989,L_final_secant
k,1999.7808219178082,25.2,H_last_value
k,2005.3424657534247,47.326323583857814,L_final_secant
k,2005.3424657534247,25.2,H_last_value
k,2010.9041095890411,47.446575342465735,L_final_secant
k,2010.9041095890411,25.2,H_last_value
k,2016.4657534246576,47.56682710107366,L_final_secant
k,2016.4657534246576,25.2,H_last_value
k,2022.027397260274,47.68707885968159,L_final_secant
k,2022.027397260274,25.2,H_last_value
k,2027.5890410958905,47.80733061828951,L_final_secant
k,2027.5890410958905,25.2,H_last_value
k,2033.150684931507,47.92758237689743,L_final_secant
k,2033.150684931507,25.2,H_last_value
k,2038.7123287671234,48.047834135505354,L_final_secant
k,2038.7123287671234,25.2,H_last_value
k,2044.2739726027398,48.168085894113275,L_final_secant
k,2044.2739726027398,25.2,H_last_value
k,2049.8356164383563,48.288337652721204,L_final_secant
k,2049.8356164383563,25.2,H_last_value
k,2055.3972602739723,48.40858941132912,L_final_secant
k,2055.3972602739723,25.2,H_last_value
k,2060.9589041095887,48.52884116993704,L_final_secant
k,2060.9589041095887,25.2,H_last_value
k,2066.520547945205,48.64909292854496,L_final_secant
k,2066.520547945205,25.2,H_last_value
k,2072.0821917808216,48.76934468715288,L_final_secant
k,2072.0821917808216,25.2,H_last_value
k,2077.643835616438,48.88959644576081,L_final_secant
k,2077.643835616438,25.2,H_last_value
k,2083.2054794520545,49.00984820436874,L_final_secant
k,2083.2054794520545,25.2,H_last_value
k,2088.767123287671,49.13009996297666,L_final_secant
k,2088.767123287671,25.2,H_last_value
k,2094.3287671232874,49.25035172158458,L_final_secant
k,2094.3287671232874,25.2,H_last_value
k,2099.890410958904,49.3706034801925,L_final_secant
k,2099.890410958904,25.2,H_last_value
k,2105.4520547945203,49.49085523880042,L_final_secant
k,2105.4520547945203,25.2,H_last_value
k,2111.013698630137,49.61110699740835,L_final_secant
k,2111.013698630137,25.2,H_last_value
k,2116.5753424657532,49.73135875601627,L_final_secant
k,2116.5753424657532,25.2,H_last_value
k,2122.1369863013697,49.8516105146242,L_final_secant
k,2122.1369863013697,25.2,H_last_value
k,2127.698630136986,49.97186227323212,L_final_secant
k,2127.698630136986,25.2,H_last_value
k,2133.2602739726026,50.09211403184004,L_final_secant
k,2133.2602739726026,25.2,H_last_value
k,2138.821917808219,50.21236579044796,L_final_secant
k,2138.821917808219,25.2,H_last_value
k,2144.3835616438355,50.33261754905588,L_final_secant
k,2144.3835616438355,25.2,H_last_value
k,2149.945205479452,50.45286930766381,L_final_secant
k,2149.945205479452,25.2,H_last_value
k,2155.5068493150684,50.57312106627174,L_final_secant
k,2155.5068493150684,25.2,H_last_value
k,2161.068493150685,50.69337282487966,L_final_secant
k,2161.068493150685,25.2,H_last_value
k,2166.6301369863013,50.81362458348758,L_final_secant
k,2166.6301369863013,25.2,H_last_value
k,2172.1917808219177,50.9338763420955,L_final_secant
k,2172.1917808219177,25.2,H_last_value
k,2177.753424657534,51.05412810070342,L_final_secant
k,2177.753424657534,25.2,H_last_value
k,2183.3150684931506,51.17437985931135,L_final_secant
k,2183.3150684931506,25.2,H_last_value
k,2188.876712328767,51.29463161791927,L_final_secant
k,2188.876712328767,25.2,H_last_value
k,2194.4383561643835,51.4148833765272,L_final_secant
k,2194.4383561643835,25.2,H_last_value
k,2200.0,51.53513513513512,L_final_secant
k,2200.0,25.2,H_last_value
cp,25.0,410.94444444444446,common_interpolation
cp,93.0,427.0,common_interpolation
cp,204.0,456.0,common_interpolation
cp,316.0,481.0,common_interpolation
cp,427.0,511.0,common_interpolation
cp,538.0,536.0,common_interpolation
cp,649.0,565.0,common_interpolation
cp,760.0,590.0,common_interpolation
cp,871.0,620.0,common_interpolation
cp,982.0,645.0,common_interpolation
cp,1093.0,670.0,common_interpolation
cp,1093.0,670.0,L_final_secant
cp,1093.0,670.0,H_last_value
cp,1098.054794520548,671.1384672343577,L_final_secant
cp,1098.054794520548,670.0,H_last_value
cp,1103.109589041096,672.2769344687152,L_final_secant
cp,1103.109589041096,670.0,H_last_value
cp,1108.164383561644,673.4154017030729,L_final_secant
cp,1108.164383561644,670.0,H_last_value
cp,1113.2191780821918,674.5538689374306,L_final_secant
cp,1113.2191780821918,670.0,H_last_value
cp,1118.2739726027398,675.6923361717883,L_final_secant
cp,1118.2739726027398,670.0,H_last_value
cp,1123.3287671232877,676.8308034061458,L_final_secant
cp,1123.3287671232877,670.0,H_last_value
cp,1128.3835616438357,677.9692706405035,L_final_secant
cp,1128.3835616438357,670.0,H_last_value
cp,1133.4383561643835,679.1077378748612,L_final_secant
cp,1133.4383561643835,670.0,H_last_value
cp,1138.4931506849316,680.2462051092189,L_final_secant
cp,1138.4931506849316,670.0,H_last_value
cp,1143.5479452054794,681.3846723435764,L_final_secant
cp,1143.5479452054794,670.0,H_last_value
cp,1148.6027397260275,682.5231395779341,L_final_secant
cp,1148.6027397260275,670.0,H_last_value
cp,1153.6575342465753,683.6616068122918,L_final_secant
cp,1153.6575342465753,670.0,H_last_value
cp,1158.7123287671234,684.8000740466495,L_final_secant
cp,1158.7123287671234,670.0,H_last_value
cp,1163.7671232876712,685.938541281007,L_final_secant
cp,1163.7671232876712,670.0,H_last_value
cp,1168.8219178082193,687.0770085153647,L_final_secant
cp,1168.8219178082193,670.0,H_last_value
cp,1173.876712328767,688.2154757497224,L_final_secant
cp,1173.876712328767,670.0,H_last_value
cp,1178.9315068493152,689.3539429840799,L_final_secant
cp,1178.9315068493152,670.0,H_last_value
cp,1183.986301369863,690.4924102184376,L_final_secant
cp,1183.986301369863,670.0,H_last_value
cp,1189.041095890411,691.6308774527953,L_final_secant
cp,1189.041095890411,670.0,H_last_value
cp,1194.0958904109589,692.7693446871529,L_final_secant
cp,1194.0958904109589,670.0,H_last_value
cp,1199.150684931507,693.9078119215105,L_final_secant
cp,1199.150684931507,670.0,H_last_value
cp,1204.2054794520548,695.0462791558682,L_final_secant
cp,1204.2054794520548,670.0,H_last_value
cp,1209.2602739726028,696.1847463902259,L_final_secant
cp,1209.2602739726028,670.0,H_last_value
cp,1214.3150684931506,697.3232136245834,L_final_secant
cp,1214.3150684931506,670.0,H_last_value
cp,1219.3698630136987,698.4616808589411,L_final_secant
cp,1219.3698630136987,670.0,H_last_value
cp,1224.4246575342465,699.6001480932988,L_final_secant
cp,1224.4246575342465,670.0,H_last_value
cp,1229.4794520547946,700.7386153276565,L_final_secant
cp,1229.4794520547946,670.0,H_last_value
cp,1234.5342465753424,701.877082562014,L_final_secant
cp,1234.5342465753424,670.0,H_last_value
cp,1239.5890410958905,703.0155497963717,L_final_secant
cp,1239.5890410958905,670.0,H_last_value
cp,1244.6438356164383,704.1540170307294,L_final_secant
cp,1244.6438356164383,670.0,H_last_value
cp,1249.6986301369864,705.2924842650871,L_final_secant
cp,1249.6986301369864,670.0,H_last_value
cp,1254.7534246575342,706.4309514994446,L_final_secant
cp,1254.7534246575342,670.0,H_last_value
cp,1259.8082191780823,707.5694187338023,L_final_secant
cp,1259.8082191780823,670.0,H_last_value
cp,1264.86301369863,708.7078859681599,L_final_secant
cp,1264.86301369863,670.0,H_last_value
cp,1269.9178082191781,709.8463532025175,L_final_secant
cp,1269.9178082191781,670.0,H_last_value
cp,1274.972602739726,710.9848204368752,L_final_secant
cp,1274.972602739726,670.0,H_last_value
cp,1280.027397260274,712.1232876712329,L_final_secant
cp,1280.027397260274,670.0,H_last_value
cp,1285.0821917808219,713.2617549055905,L_final_secant
cp,1285.0821917808219,670.0,H_last_value
cp,1290.13698630137,714.4002221399481,L_final_secant
cp,1290.13698630137,670.0,H_last_value
cp,1295.1917808219177,715.5386893743058,L_final_secant
cp,1295.1917808219177,670.0,H_last_value
cp,1300.2465753424658,716.6771566086635,L_final_secant
cp,1300.2465753424658,670.0,H_last_value
cp,1305.3013698630136,717.8156238430211,L_final_secant
cp,1305.3013698630136,670.0,H_last_value
cp,1310.3561643835617,718.9540910773787,L_final_secant
cp,1310.3561643835617,670.0,H_last_value
cp,1315.4109589041095,720.0925583117364,L_final_secant
cp,1315.4109589041095,670.0,H_last_value
cp,1320.4657534246576,721.2310255460941,L_final_secant
cp,1320.4657534246576,670.0,H_last_value
cp,1325.5205479452054,722.3694927804517,L_final_secant
cp,1325.5205479452054,670.0,H_last_value
cp,1330.5753424657535,723.5079600148093,L_final_secant
cp,1330.5753424657535,670.0,H_last_value
cp,1335.6301369863013,724.646427249167,L_final_secant
cp,1335.6301369863013,670.0,H_last_value
cp,1340.6849315068494,725.7848944835247,L_final_secant
cp,1340.6849315068494,670.0,H_last_value
cp,1345.7397260273972,726.9233617178822,L_final_secant
cp,1345.7397260273972,670.0,H_last_value
cp,1350.7945205479452,728.0618289522399,L_final_secant
cp,1350.7945205479452,670.0,H_last_value
cp,1355.849315068493,729.2002961865976,L_final_secant
cp,1355.849315068493,670.0,H_last_value
cp,1360.9041095890411,730.3387634209552,L_final_secant
cp,1360.9041095890411,670.0,H_last_value
cp,1365.9589041095892,731.4772306553128,L_final_secant
cp,1365.9589041095892,670.0,H_last_value
cp,1371.013698630137,732.6156978896705,L_final_secant
cp,1371.013698630137,670.0,H_last_value
cp,1376.0684931506848,733.7541651240281,L_final_secant
cp,1376.0684931506848,670.0,H_last_value
cp,1381.123287671233,734.8926323583858,L_final_secant
cp,1381.123287671233,670.0,H_last_value
cp,1386.178082191781,736.0310995927434,L_final_secant
cp,1386.178082191781,670.0,H_last_value
cp,1391.2328767123288,737.1695668271011,L_final_secant
cp,1391.2328767123288,670.0,H_last_value
cp,1396.2876712328766,738.3080340614587,L_final_secant
cp,1396.2876712328766,670.0,H_last_value
cp,1401.3424657534247,739.4465012958163,L_final_secant
cp,1401.3424657534247,670.0,H_last_value
cp,1406.3972602739727,740.584968530174,L_final_secant
cp,1406.3972602739727,670.0,H_last_value
cp,1411.4520547945206,741.7234357645317,L_final_secant
cp,1411.4520547945206,670.0,H_last_value
cp,1416.5068493150684,742.8619029988893,L_final_secant
cp,1416.5068493150684,670.0,H_last_value
cp,1421.5616438356165,744.0003702332469,L_final_secant
cp,1421.5616438356165,670.0,H_last_value
cp,1426.6164383561645,745.1388374676046,L_final_secant
cp,1426.6164383561645,670.0,H_last_value
cp,1431.6712328767123,746.2773047019623,L_final_secant
cp,1431.6712328767123,670.0,H_last_value
cp,1436.7260273972602,747.4157719363199,L_final_secant
cp,1436.7260273972602,670.0,H_last_value
cp,1441.7808219178082,748.5542391706775,L_final_secant
cp,1441.7808219178082,670.0,H_last_value
cp,1446.8356164383563,749.6927064050352,L_final_secant
cp,1446.8356164383563,670.0,H_last_value
cp,1451.890410958904,750.8311736393928,L_final_secant
cp,1451.890410958904,670.0,H_last_value
cp,1456.945205479452,751.9696408737504,L_final_secant
cp,1456.945205479452,670.0,H_last_value
cp,1462.0,753.1081081081081,L_final_secant
cp,1462.0,670.0,H_last_value
cp,1467.054794520548,754.2465753424658,L_final_secant
cp,1467.054794520548,670.0,H_last_value
cp,1472.109589041096,755.3850425768234,L_final_secant
cp,1472.109589041096,670.0,H_last_value
cp,1477.1643835616437,756.523509811181,L_final_secant
cp,1477.1643835616437,670.0,H_last_value
cp,1482.2191780821918,757.6619770455387,L_final_secant
cp,1482.2191780821918,670.0,H_last_value
cp,1487.2739726027398,758.8004442798964,L_final_secant
cp,1487.2739726027398,670.0,H_last_value
cp,1492.3287671232877,759.938911514254,L_final_secant
cp,1492.3287671232877,670.0,H_last_value
cp,1497.3835616438355,761.0773787486116,L_final_secant
cp,1497.3835616438355,670.0,H_last_value
cp,1502.4383561643835,762.2158459829693,L_final_secant
cp,1502.4383561643835,670.0,H_last_value
cp,1507.4931506849316,763.354313217327,L_final_secant
cp,1507.4931506849316,670.0,H_last_value
cp,1512.5479452054794,764.4927804516846,L_final_secant
cp,1512.5479452054794,670.0,H_last_value
cp,1517.6027397260275,765.6312476860422,L_final_secant
cp,1517.6027397260275,670.0,H_last_value
cp,1522.6575342465753,766.7697149203998,L_final_secant
cp,1522.6575342465753,670.0,H_last_value
cp,1527.7123287671234,767.9081821547575,L_final_secant
cp,1527.7123287671234,670.0,H_last_value
cp,1532.7671232876712,769.0466493891151,L_final_secant
cp,1532.7671232876712,670.0,H_last_value
cp,1537.8219178082193,770.1851166234728,L_final_secant
cp,1537.8219178082193,670.0,H_last_value
cp,1542.876712328767,771.3235838578304,L_final_secant
cp,1542.876712328767,670.0,H_last_value
cp,1547.9315068493152,772.4620510921881,L_final_secant
cp,1547.9315068493152,670.0,H_last_value
cp,1552.986301369863,773.6005183265457,L_final_secant
cp,1552.986301369863,670.0,H_last_value
cp,1558.041095890411,774.7389855609034,L_final_secant
cp,1558.041095890411,670.0,H_last_value
cp,1563.0958904109589,775.877452795261,L_final_secant
cp,1563.0958904109589,670.0,H_last_value
cp,1568.150684931507,777.0159200296187,L_final_secant
cp,1568.150684931507,670.0,H_last_value
cp,1573.2054794520548,778.1543872639763,L_final_secant
cp,1573.2054794520548,670.0,H_last_value
cp,1578.2602739726028,779.292854498334,L_final_secant
cp,1578.2602739726028,670.0,H_last_value
cp,1583.3150684931506,780.4313217326916,L_final_secant
cp,1583.3150684931506,670.0,H_last_value
cp,1588.3698630136987,781.5697889670492,L_final_secant
cp,1588.3698630136987,670.0,H_last_value
cp,1593.4246575342465,782.7082562014069,L_final_secant
cp,1593.4246575342465,670.0,H_last_value
cp,1598.4794520547946,783.8467234357645,L_final_secant
cp,1598.4794520547946,670.0,H_last_value
cp,1603.5342465753424,784.9851906701222,L_final_secant
cp,1603.5342465753424,670.0,H_last_value
cp,1608.5890410958905,786.1236579044798,L_final_secant
cp,1608.5890410958905,670.0,H_last_value
cp,1613.6438356164385,787.2621251388375,L_final_secant
cp,1613.6438356164385,670.0,H_last_value
cp,1618.6986301369864,788.4005923731951,L_final_secant
cp,1618.6986301369864,670.0,H_last_value
cp,1623.7534246575342,789.5390596075528,L_final_secant
cp,1623.7534246575342,670.0,H_last_value
cp,1628.8082191780823,790.6775268419104,L_final_secant
cp,1628.8082191780823,670.0,H_last_value
cp,1633.8630136986303,791.8159940762681,L_final_secant
cp,1633.8630136986303,670.0,H_last_value
cp,1638.9178082191781,792.9544613106257,L_final_secant
cp,1638.9178082191781,670.0,H_last_value
cp,1643.972602739726,794.0929285449834,L_final_secant
cp,1643.972602739726,670.0,H_last_value
cp,1649.027397260274,795.231395779341,L_final_secant
cp,1649.027397260274,670.0,H_last_value
cp,1654.082191780822,796.3698630136987,L_final_secant
cp,1654.082191780822,670.0,H_last_value
cp,1659.13698630137,797.5083302480563,L_final_secant
cp,1659.13698630137,670.0,H_last_value
cp,1664.1917808219177,798.646797482414,L_final_secant
cp,1664.1917808219177,670.0,H_last_value
cp,1669.2465753424658,799.7852647167716,L_final_secant
cp,1669.2465753424658,670.0,H_last_value
cp,1674.3013698630139,800.9237319511292,L_final_secant
cp,1674.3013698630139,670.0,H_last_value
cp,1679.3561643835617,802.0621991854869,L_final_secant
cp,1679.3561643835617,670.0,H_last_value
cp,1684.4109589041095,803.2006664198445,L_final_secant
cp,1684.4109589041095,670.0,H_last_value
cp,1689.4657534246576,804.3391336542022,L_final_secant
cp,1689.4657534246576,670.0,H_last_value
cp,1694.5205479452056,805.4776008885599,L_final_secant
cp,1694.5205479452056,670.0,H_last_value
cp,1699.5753424657535,806.6160681229175,L_final_secant
cp,1699.5753424657535,670.0,H_last_value
cp,1704.6301369863013,807.754535357275,L_final_secant
cp,1704.6301369863013,670.0,H_last_value
cp,1709.6849315068494,808.8930025916327,L_final_secant
cp,1709.6849315068494,670.0,H_last_value
cp,1714.7397260273974,810.0314698259904,L_final_secant
cp,1714.7397260273974,670.0,H_last_value
cp,1719.7945205479452,811.169937060348,L_final_secant
cp,1719.7945205479452,670.0,H_last_value
cp,1724.849315068493,812.3084042947056,L_final_secant
cp,1724.849315068493,670.0,H_last_value
cp,1729.9041095890411,813.4468715290633,L_final_secant
cp,1729.9041095890411,670.0,H_last_value
cp,1734.9589041095892,814.585338763421,L_final_secant
cp,1734.9589041095892,670.0,H_last_value
cp,1740.013698630137,815.7238059977786,L_final_secant
cp,1740.013698630137,670.0,H_last_value
cp,1745.0684931506848,816.8622732321362,L_final_secant
cp,1745.0684931506848,670.0,H_last_value
cp,1750.123287671233,818.0007404664939,L_final_secant
cp,1750.123287671233,670.0,H_last_value
cp,1755.178082191781,819.1392077008516,L_final_secant
cp,1755.178082191781,670.0,H_last_value
cp,1760.2328767123288,820.2776749352092,L_final_secant
cp,1760.2328767123288,670.0,H_last_value
cp,1765.2876712328766,821.4161421695668,L_final_secant
cp,1765.2876712328766,670.0,H_last_value
cp,1770.3424657534247,822.5546094039245,L_final_secant
cp,1770.3424657534247,670.0,H_last_value
cp,1775.3972602739727,823.6930766382822,L_final_secant
cp,1775.3972602739727,670.0,H_last_value
cp,1780.4520547945206,824.8315438726397,L_final_secant
cp,1780.4520547945206,670.0,H_last_value
cp,1785.5068493150684,825.9700111069974,L_final_secant
cp,1785.5068493150684,670.0,H_last_value
cp,1790.5616438356165,827.1084783413551,L_final_secant
cp,1790.5616438356165,670.0,H_last_value
cp,1795.6164383561645,828.2469455757127,L_final_secant
cp,1795.6164383561645,670.0,H_last_value
cp,1800.6712328767123,829.3854128100703,L_final_secant
cp,1800.6712328767123,670.0,H_last_value
cp,1805.7260273972602,830.523880044428,L_final_secant
cp,1805.7260273972602,670.0,H_last_value
cp,1810.7808219178082,831.6623472787857,L_final_secant
cp,1810.7808219178082,670.0,H_last_value
cp,1815.8356164383563,832.8008145131433,L_final_secant
cp,1815.8356164383563,670.0,H_last_value
cp,1820.890410958904,833.9392817475009,L_final_secant
cp,1820.890410958904,670.0,H_last_value
cp,1825.945205479452,835.0777489818586,L_final_secant
cp,1825.945205479452,670.0,H_last_value
cp,1831.0,836.2162162162163,L_final_secant
cp,1831.0,670.0,H_last_value
cp,1836.054794520548,837.3546834505739,L_final_secant
cp,1836.054794520548,670.0,H_last_value
cp,1841.109589041096,838.4931506849315,L_final_secant
cp,1841.109589041096,670.0,H_last_value
cp,1846.1643835616437,839.6316179192892,L_final_secant
cp,1846.1643835616437,670.0,H_last_value
cp,1851.2191780821918,840.7700851536467,L_final_secant
cp,1851.2191780821918,670.0,H_last_value
cp,1856.2739726027398,841.9085523880044,L_final_secant
cp,1856.2739726027398,670.0,H_last_value
cp,1861.3287671232877,843.0470196223621,L_final_secant
cp,1861.3287671232877,670.0,H_last_value
cp,1866.3835616438355,844.1854868567198,L_final_secant
cp,1866.3835616438355,670.0,H_last_value
cp,1871.4383561643835,845.3239540910774,L_final_secant
cp,1871.4383561643835,670.0,H_last_value
cp,1876.4931506849316,846.4624213254351,L_final_secant
cp,1876.4931506849316,670.0,H_last_value
cp,1881.5479452054794,847.6008885597927,L_final_secant
cp,1881.5479452054794,670.0,H_last_value
cp,1886.6027397260273,848.7393557941502,L_final_secant
cp,1886.6027397260273,670.0,H_last_value
cp,1891.6575342465753,849.8778230285079,L_final_secant
cp,1891.6575342465753,670.0,H_last_value
cp,1896.7123287671234,851.0162902628656,L_final_secant
cp,1896.7123287671234,670.0,H_last_value
cp,1901.7671232876712,852.1547574972233,L_final_secant
cp,1901.7671232876712,670.0,H_last_value
cp,1906.8219178082193,853.293224731581,L_final_secant
cp,1906.8219178082193,670.0,H_last_value
cp,1911.876712328767,854.4316919659385,L_final_secant
cp,1911.876712328767,670.0,H_last_value
cp,1916.9315068493152,855.5701592002962,L_final_secant
cp,1916.9315068493152,670.0,H_last_value
cp,1921.9863013698632,856.7086264346539,L_final_secant
cp,1921.9863013698632,670.0,H_last_value
cp,1927.041095890411,857.8470936690114,L_final_secant
cp,1927.041095890411,670.0,H_last_value
cp,1932.0958904109589,858.9855609033691,L_final_secant
cp,1932.0958904109589,670.0,H_last_value
cp,1937.150684931507,860.1240281377268,L_final_secant
cp,1937.150684931507,670.0,H_last_value
cp,1942.205479452055,861.2624953720845,L_final_secant
cp,1942.205479452055,670.0,H_last_value
cp,1947.2602739726028,862.4009626064421,L_final_secant
cp,1947.2602739726028,670.0,H_last_value
cp,1952.3150684931506,863.5394298407997,L_final_secant
cp,1952.3150684931506,670.0,H_last_value
cp,1957.3698630136987,864.6778970751574,L_final_secant
cp,1957.3698630136987,670.0,H_last_value
cp,1962.4246575342468,865.816364309515,L_final_secant
cp,1962.4246575342468,670.0,H_last_value
cp,1967.4794520547946,866.9548315438726,L_final_secant
cp,1967.4794520547946,670.0,H_last_value
cp,1972.5342465753424,868.0932987782303,L_final_secant
cp,1972.5342465753424,670.0,H_last_value
cp,1977.5890410958905,869.231766012588,L_final_secant
cp,1977.5890410958905,670.0,H_last_value
cp,1982.6438356164385,870.3702332469456,L_final_secant
cp,1982.6438356164385,670.0,H_last_value
cp,1987.6986301369864,871.5087004813032,L_final_secant
cp,1987.6986301369864,670.0,H_last_value
cp,1992.7534246575342,872.6471677156609,L_final_secant
cp,1992.7534246575342,670.0,H_last_value
cp,1997.8082191780823,873.7856349500186,L_final_secant
cp,1997.8082191780823,670.0,H_last_value
cp,2002.8630136986303,874.9241021843762,L_final_secant
cp,2002.8630136986303,670.0,H_last_value
cp,2007.9178082191781,876.0625694187338,L_final_secant
cp,2007.9178082191781,670.0,H_last_value
cp,2012.972602739726,877.2010366530915,L_final_secant
cp,2012.972602739726,670.0,H_last_value
cp,2018.027397260274,878.3395038874492,L_final_secant
cp,2018.027397260274,670.0,H_last_value
cp,2023.082191780822,879.4779711218068,L_final_secant
cp,2023.082191780822,670.0,H_last_value
cp,2028.13698630137,880.6164383561644,L_final_secant
cp,2028.13698630137,670.0,H_last_value
cp,2033.1917808219177,881.754905590522,L_final_secant
cp,2033.1917808219177,670.0,H_last_value
cp,2038.2465753424658,882.8933728248796,L_final_secant
cp,2038.2465753424658,670.0,H_last_value
cp,2043.3013698630139,884.0318400592373,L_final_secant
cp,2043.3013698630139,670.0,H_last_value
cp,2048.356164383562,885.170307293595,L_final_secant
cp,2048.356164383562,670.0,H_last_value
cp,2053.4109589041095,886.3087745279527,L_final_secant
cp,2053.4109589041095,670.0,H_last_value
cp,2058.4657534246576,887.4472417623102,L_final_secant
cp,2058.4657534246576,670.0,H_last_value
cp,2063.5205479452056,888.5857089966679,L_final_secant
cp,2063.5205479452056,670.0,H_last_value
cp,2068.5753424657532,889.7241762310255,L_final_secant
cp,2068.5753424657532,670.0,H_last_value
cp,2073.6301369863013,890.8626434653831,L_final_secant
cp,2073.6301369863013,670.0,H_last_value
cp,2078.6849315068494,892.0011106997408,L_final_secant
cp,2078.6849315068494,670.0,H_last_value
cp,2083.7397260273974,893.1395779340985,L_final_secant
cp,2083.7397260273974,670.0,H_last_value
cp,2088.7945205479455,894.2780451684562,L_final_secant
cp,2088.7945205479455,670.0,H_last_value
cp,2093.849315068493,895.4165124028137,L_final_secant
cp,2093.849315068493,670.0,H_last_value
cp,2098.904109589041,896.5549796371714,L_final_secant
cp,2098.904109589041,670.0,H_last_value
cp,2103.958904109589,897.6934468715291,L_final_secant
cp,2103.958904109589,670.0,H_last_value
cp,2109.013698630137,898.8319141058867,L_final_secant
cp,2109.013698630137,670.0,H_last_value
cp,2114.068493150685,899.9703813402443,L_final_secant
cp,2114.068493150685,670.0,H_last_value
cp,2119.123287671233,901.108848574602,L_final_secant
cp,2119.123287671233,670.0,H_last_value
cp,2124.178082191781,902.2473158089597,L_final_secant
cp,2124.178082191781,670.0,H_last_value
cp,2129.232876712329,903.3857830433174,L_final_secant
cp,2129.232876712329,670.0,H_last_value
cp,2134.287671232877,904.524250277675,L_final_secant
cp,2134.287671232877,670.0,H_last_value
cp,2139.3424657534247,905.6627175120326,L_final_secant
cp,2139.3424657534247,670.0,H_last_value
cp,2144.3972602739727,906.8011847463903,L_final_secant
cp,2144.3972602739727,670.0,H_last_value
cp,2149.4520547945203,907.9396519807478,L_final_secant
cp,2149.4520547945203,670.0,H_last_value
cp,2154.5068493150684,909.0781192151055,L_final_secant
cp,2154.5068493150684,670.0,H_last_value
cp,2159.5616438356165,910.2165864494632,L_final_secant
cp,2159.5616438356165,670.0,H_last_value
cp,2164.6164383561645,911.3550536838209,L_final_secant
cp,2164.6164383561645,670.0,H_last_value
cp,2169.6712328767126,912.4935209181785,L_final_secant
cp,2169.6712328767126,670.0,H_last_value
cp,2174.7260273972606,913.6319881525362,L_final_secant
cp,2174.7260273972606,670.0,H_last_value
cp,2179.780821917808,914.7704553868938,L_final_secant
cp,2179.780821917808,670.0,H_last_value
cp,2184.8356164383563,915.9089226212513,L_final_secant
cp,2184.8356164383563,670.0,H_last_value
cp,2189.890410958904,917.047389855609,L_final_secant
cp,2189.890410958904,670.0,H_last_value
cp,2194.945205479452,918.1858570899667,L_final_secant
cp,2194.945205479452,670.0,H_last_value
cp,2200.0,919.3243243243244,L_final_secant
cp,2200.0,670.0,H_last_value
