label,core_dx_dy_dz_um,L_um,W_um,D_um,front_Ts_um,rear_Ts_um,rear_Tl_um,ell_um,tau_us,mean_cooling_MK_s,speed_m_s
B_LL_dx4,"[4.0, 3.0, 1.0]",359.1575457177625,143.0406226383922,31.12034988767346,52.396009102487156,-306.76153661527536,-226.49751057069412,80.26402604458124,100.33003255572655,0.598026318457278,0.8
B_HL_dx4,"[4.0, 3.0, 1.0]",402.3712581813177,143.15007404634164,30.092012429039947,53.12243284312767,-349.24882533819004,-269.9979421444573,79.25088319373276,99.06360399216595,0.6056714835929536,0.8
B_LH_dx4,"[4.0, 3.0, 1.0]",352.9886879571668,143.71622129720419,31.61342715629935,52.450529312545704,-300.5381586446211,-219.96722969352402,80.57092895109707,100.71366118887134,0.5957483750638377,0.8
B_HH_dx4,"[4.0, 3.0, 1.0]",393.44045830101044,143.7869176712329,30.797065270818912,53.17336712639808,-340.26709117461235,-259.09722884143156,81.16986233318079,101.46232791647599,0.5913524874906491,0.8
B_LL_dx2,"[2.0, 3.0, 1.0]",359.5183942887015,143.0318495677137,31.160979778167494,52.446381938788136,-307.07201234991334,-228.26878416195498,78.80322818795835,98.50403523494793,0.6091121024320514,0.8
C_LL_dx4,"[4.0, 3.0, 1.0]",320.6313629678825,129.04618690578758,22.044541383670747,46.13593616538614,-274.49542680249635,-193.7040241501237,80.79140265237265,67.32616887697722,0.8911839333920206,1.2
C_LL_dx2,"[2.0, 3.0, 1.0]",320.8306886940154,129.0173256915783,22.08939769255408,46.0472628643356,-274.7834258296798,-195.16343413144682,79.61999169823298,66.34999308186082,0.904295497453536,1.2
A_LL_dx4,"[4.0, 3.0, 1.0]",309.88567926384235,153.36005335598344,40.46931231766381,55.830432813525086,-254.05524645031724,-205.7600560665589,48.29519038375835,120.73797595939588,0.49694389460510724,0.4
B_HL_dx2,"[2.0, 3.0, 1.0]",402.8398766171894,143.1486234573735,30.141096661930586,53.20658274019598,-349.63329387699343,-272.19656828302004,77.43672559397339,96.79590699246674,0.6198609204071983,0.8
B_LH_dx2,"[2.0, 3.0, 1.0]",353.6459435017043,143.705343293282,31.651025464913733,52.51820553069536,-301.12773797100897,-221.271574042199,79.85616392880996,99.82020491101245,0.6010807136039111,0.8
B_HH_dx2,"[2.0, 3.0, 1.0]",394.2571436289195,143.78498837723137,30.842212294394468,53.24660452015957,-341.01053910875993,-260.8868180489109,80.123721059849,100.15465132481125,0.5990735248572149,0.8
