quantity,contrast,dx4,dx2,paired_drift
L_um,HL-LL,43.213712463555225,43.321482328487946,0.10776986493272034
L_um,LH-LL,-6.168857760595699,-5.872450786997149,0.2964069735985504
L_um,HH-LH,40.451770343843634,40.61120012721517,0.1594297833715359
L_um,HH-HL,-8.93079988030729,-8.582732988269925,0.34806689203736596
L_um,interaction,-2.761942119711591,-2.7102822012727756,0.051659918438815566
L_um,HH-LL,34.282912583247935,34.73874934021802,0.4558367569700863
W_um,HL-LL,0.10945140794945019,0.11677388965981095,0.007322481710360762
W_um,LH-LL,0.6755986588119924,0.6734937255683064,-0.0021049332436859913
W_um,HH-LH,0.07069637402872786,0.07964508394937297,0.008948709920645115
W_um,HH-HL,0.6368436248912701,0.6363649198578685,-0.0004787050334016385
W_um,interaction,-0.038755033920722326,-0.03712880571043797,0.0016262282102843528
W_um,HH-LL,0.7462950328407203,0.7531388095176794,0.0068437766769591235
D_um,HL-LL,-1.0283374586335121,-1.0198831162369082,0.00845434239660392
D_um,LH-LL,0.4930772686258891,0.49004568674623883,-0.003031581879650247
D_um,HH-LH,-0.8163618854804362,-0.8088131705192652,0.007548714961171044
D_um,HH-HL,0.705052841778965,0.7011156324638819,-0.003937209315083123
D_um,interaction,0.2119755731530759,0.21106994571764304,-0.0009056274354328764
D_um,HH-LL,-0.3232846168545471,-0.3187674837730263,0.004517133081520797
rear_Ts_um,HL-LL,-42.487288722914684,-42.5612815270801,-0.07399280416541387
rear_Ts_um,LH-LL,6.223377970654269,5.9442743789043675,-0.2791035917499016
rear_Ts_um,HH-LH,-39.728932529991255,-39.88280113775096,-0.1538686077597049
rear_Ts_um,HH-HL,8.981734163577698,8.622754768233506,-0.35897939534419265
rear_Ts_um,interaction,2.7583561929234293,2.6784803893291382,-0.07987580359429103
rear_Ts_um,HH-LL,-33.505554559336986,-33.93852675884659,-0.4329721995096065
rear_Tl_um,HL-LL,-43.500431573763166,-43.92778412106506,-0.42735254730189354
rear_Tl_um,LH-LL,6.5302808771700995,6.997210119755977,0.4669292425858771
rear_Tl_um,HH-LH,-39.12999914790754,-39.61524400671192,-0.4852448588043785
rear_Tl_um,HH-HL,10.900713303025725,11.309750234109117,0.4090369310833921
rear_Tl_um,interaction,4.3704324258556255,4.3125401143531406,-0.05789231150248497
rear_Tl_um,HH-LL,-32.59971827073744,-32.61803388695594,-0.018315616218501418
front_Ts_um,HL-LL,0.726423740640513,0.7602008014078407,0.03377706076732778
front_Ts_um,LH-LL,0.05452021005854846,0.07182359190722565,0.01730338184867719
front_Ts_um,HH-LH,0.7228378138523723,0.7283989894642104,0.0055611756118381095
front_Ts_um,HH-HL,0.05093428327040783,0.04002177996359535,-0.010912503306812482
front_Ts_um,interaction,-0.0035859267881406254,-0.0318018119436303,-0.028215885155489673
front_Ts_um,HH-LL,0.7773580239109208,0.8002225813714361,0.0228645574605153
ell_um,HL-LL,-1.0131428508484817,-1.3665025939849613,-0.35335974313647966
ell_um,LH-LL,0.3069029065158304,1.0529357408516091,0.7460328343357787
ell_um,HH-LH,0.5989333820837146,0.267557131039041,-0.3313762510446736
ell_um,HH-HL,1.9189791394480267,2.6869954658756114,0.7680163264275848
ell_um,interaction,1.6120762329321963,1.6340597250240023,0.021983492091806056
ell_um,HH-LL,0.905836288599545,1.3204928718906501,0.4146565832911051
tau_us,HL-LL,-1.266428563560595,-1.7081282424811945,-0.4416996789205996
tau_us,LH-LL,0.3836286331447951,1.3161696760645185,0.9325410429197234
tau_us,HH-LH,0.7486667276046433,0.33444641379880125,-0.414220313805842
tau_us,HH-HL,2.3987239243100333,3.3587443323445143,0.960020408034481
tau_us,interaction,2.0150952911652382,2.042574656279996,0.02747936511475757
tau_us,HH-LL,1.1322953607494384,1.6506160898633198,0.5183207291138814
mean_cooling_MK_s,HL-LL,0.007645165135675591,0.01074881797514693,0.003103652839471338
mean_cooling_MK_s,LH-LL,-0.0022779433934403404,-0.008031388828140251,-0.005753445434699911
mean_cooling_MK_s,HH-LH,-0.00439588757318865,-0.0020071887466962535,0.002388698826492397
mean_cooling_MK_s,HH-HL,-0.014318996102304582,-0.020787395549983434,-0.006468399447678852
mean_cooling_MK_s,interaction,-0.012041052708864242,-0.012756006721843183,-0.0007149540129789411
mean_cooling_MK_s,HH-LL,-0.006673830966628991,-0.010038577574836505,-0.003364746608207514
