branch,xi_um,surface_y0_T_C
LL,-450.0,921.066848968254
LL,-446.0,926.6593908181919
LL,-442.0,932.3493868676944
LL,-438.0,938.140684891678
LL,-434.00000000000006,944.0374179894767
LL,-430.0,950.0440123996311
LL,-426.0,956.1652101287962
LL,-422.0,962.406101238291
LL,-418.0,968.7721639581335
LL,-414.0,975.2693124895987
LL,-410.0,981.9039533096551
LL,-406.0,988.6830514645139
LL,-402.0,995.6142089574005
LL,-397.99999999999994,1002.7057580287641
LL,-394.0,1009.9668729924477
LL,-390.0,1017.4077054375134
LL,-386.0,1025.0395491492757
LL,-382.0,1032.8750432459476
LL,-378.0,1040.928425037771
LL,-374.0,1049.2158484392623
LL,-370.0,1057.7557900651636
LL,-366.0,1066.5695745300006
LL,-362.0,1075.6820647566415
LL,-358.0,1085.1225853984918
LL,-354.0,1094.9261832707198
LL,-350.0,1105.1353880162892
LL,-346.0,1115.80273820667
LL,-342.0,1126.9945209971202
LL,-338.0,1138.7965182189278
LL,-334.0,1151.3232409448474
LL,-330.0,1164.733613341572
LL,-325.99999999999994,1179.2595279462591
LL,-321.99999999999994,1195.2627326345905
LL,-318.0,1213.3627388477
LL,-314.0,1234.7784185473424
LL,-310.0,1262.5130909888574
LL,-306.0,1296.4636480842921
LL,-301.99999999999994,1310.4015876156125
LL,-298.0,1316.9364302417011
LL,-294.0,1321.6603972050737
LL,-289.99999999999994,1325.4981458847976
LL,-285.99999999999994,1328.7694451331
LL,-281.99999999999994,1331.6277307419805
LL,-278.0,1334.1614506446836
LL,-274.0,1336.4273396350509
LL,-270.0,1338.4635474764443
LL,-265.99999999999994,1340.2968603515083
LL,-262.0,1341.9468684743733
LL,-258.0,1343.4282726236763
LL,-254.0,1344.7519965590784
LL,-249.99999999999994,1345.926215372259
LL,-245.99999999999997,1346.9568126688926
LL,-241.99999999999997,1347.8476696751936
LL,-237.99999999999997,1348.6007975538478
LL,-233.99999999999994,1349.2161039592588
LL,-229.99999999999994,1349.6904590561974
LL,-225.99999999999997,1350.0439686956129
LL,-221.99999999999997,1350.7986138461379
LL,-218.0,1352.1416618484989
LL,-213.99999999999997,1354.1680226555493
LL,-209.99999999999994,1356.9284900689188
LL,-205.99999999999997,1360.468261864189
LL,-201.99999999999997,1364.826551924629
LL,-197.99999999999997,1370.0395136189659
LL,-193.99999999999994,1376.1415068342976
LL,-189.99999999999994,1383.1655382518547
LL,-185.99999999999997,1391.1450803130956
LL,-181.99999999999997,1400.1155751056342
LL,-177.99999999999997,1410.1151336963762
LL,-173.99999999999994,1421.1850644320696
LL,-169.99999999999997,1433.3704619592386
LL,-165.99999999999997,1446.7210217161442
LL,-161.99999999999994,1461.292092167116
LL,-157.99999999999994,1477.1454843034667
LL,-153.99999999999994,1494.349750719744
HL,-450.0,962.3246525281018
HL,-446.0,969.1334680413602
HL,-442.0,976.1223588030382
HL,-438.0,983.309004682534
HL,-434.00000000000006,990.7311480233175
HL,-430.0,998.4094723044966
HL,-426.0,1006.350354505333
HL,-422.0,1014.563752074694
HL,-418.0,1023.062990636264
HL,-414.0,1031.8647698167736
HL,-410.0,1040.9894020584377
HL,-406.0,1050.4613187728105
HL,-402.0,1060.3098735606218
HL,-397.99999999999994,1070.5705259273677
HL,-394.0,1081.2865475101212
HL,-390.0,1092.5114988240778
HL,-386.0,1104.312901020963
HL,-382.0,1116.7778531747474
HL,-378.0,1130.021985797131
HL,-374.0,1144.2044896922125
HL,-370.0,1159.5550418426421
HL,-366.0,1176.4262246033559
HL,-362.0,1195.407094355145
HL,-358.0,1217.6054627345977
HL,-354.0,1245.4793864784197
HL,-350.0,1285.7830605001882
HL,-346.0,1308.2382348515237
HL,-342.0,1316.4607008714652
HL,-338.0,1321.8851256675198
HL,-334.0,1326.1279401828813
HL,-330.0,1329.6374591673791
HL,-325.99999999999994,1332.6287925917084
HL,-321.99999999999994,1335.222531341309
HL,-318.0,1337.4956451258192
HL,-314.0,1339.4991524736497
HL,-310.0,1341.2703063640167
HL,-306.0,1342.8364580765747
HL,-301.99999999999994,1344.218301854129
HL,-298.0,1345.4321326163401
HL,-294.0,1346.4906523597813
HL,-289.99999999999994,1347.403811039246
HL,-285.99999999999994,1348.1793867656309
HL,-281.99999999999994,1348.8232139656177
HL,-278.0,1349.3394197593102
HL,-274.0,1349.7306931368796
HL,-270.0,1349.9996766549923
HL,-265.99999999999994,1350.6281853155622
HL,-262.0,1351.8007023235632
HL,-258.0,1353.6194309257178
HL,-254.0,1356.1231734037704
HL,-249.99999999999994,1359.3482198252332
HL,-245.99999999999997,1363.3226800700359
HL,-241.99999999999997,1368.0704707409022
HL,-237.99999999999997,1373.613697394995
HL,-233.99999999999994,1379.9729916697386
HL,-229.99999999999994,1387.1685102526442
HL,-225.99999999999997,1395.2209116845509
HL,-221.99999999999997,1404.1518224292317
HL,-218.0,1413.9839466045821
HL,-213.99999999999997,1424.741005904545
HL,-209.99999999999994,1436.4477884911526
HL,-205.99999999999997,1449.1311778195454
HL,-201.99999999999997,1462.8211082376802
HL,-197.99999999999997,1477.5506969087512
HL,-193.99999999999994,1493.3564211391815
HL,-189.99999999999994,1510.2786930121379
HL,-185.99999999999997,1528.3623967174783
HL,-181.99999999999997,1547.6576263806273
HL,-177.99999999999997,1568.2202993579226
HL,-173.99999999999994,1590.1128274536463
HL,-169.99999999999997,1613.4048418196044
HL,-165.99999999999997,1638.1740051593124
HL,-161.99999999999994,1664.5067835251243
HL,-157.99999999999994,1692.4992748119564
HL,-153.99999999999994,1722.257953493704
LH,-450.0,914.3197079417765
LH,-446.0,919.7687212911226
LH,-442.0,925.3088319994275
LH,-438.0,930.9434821359122
LH,-434.00000000000006,936.6763500880745
LH,-430.0,942.5113539209602
LH,-426.0,948.4526678972181
LH,-422.0,954.5047469512514
LH,-418.0,960.6723571369428
LH,-414.0,966.9606115639061
LH,-410.0,973.3750122275538
LH,-406.0,979.9214985749601
LH,-402.0,986.6065041096249
LH,-397.99999999999994,993.4370226755549
LH,-394.0,1000.4206865975077
LH,-390.0,1007.5658593819264
LH,-386.0,1014.8817465050357
LH,-382.0,1022.3785287310457
LH,-378.0,1030.0675237583337
LH,-374.0,1037.9613836030453
LH,-370.0,1046.0743373437053
LH,-366.0,1054.4224913708838
LH,-362.0,1063.024202037624
LH,-358.0,1071.9005368065775
LH,-354.0,1081.0758346982711
LH,-350.0,1090.578347861745
LH,-346.0,1100.443536265654
LH,-342.0,1110.722809590718
LH,-338.0,1121.4830390707791
LH,-334.0,1132.8066936812786
LH,-330.0,1144.799655077697
LH,-325.99999999999994,1157.6041819765921
LH,-321.99999999999994,1171.4212372050622
LH,-318.0,1186.5526315578434
LH,-314.0,1203.4894981359932
LH,-310.0,1223.1244003386867
LH,-306.0,1247.3511683750492
LH,-301.99999999999994,1281.1023631138182
LH,-298.0,1305.4487447603424
LH,-294.0,1314.3832280223555
LH,-289.99999999999994,1319.7447836435986
LH,-285.99999999999994,1323.9109059998434
LH,-281.99999999999994,1327.3926245776875
LH,-278.0,1330.4015853804945
LH,-274.0,1333.0528355296724
LH,-270.0,1335.4154629248155
LH,-265.99999999999994,1337.5342096737902
LH,-262.0,1339.4403004643832
LH,-258.0,1341.1565892361536
LH,-254.0,1342.6998571851454
LH,-249.99999999999994,1344.0826804230103
LH,-245.99999999999997,1345.314612173072
LH,-241.99999999999997,1346.4027699072033
LH,-237.99999999999997,1347.3523136332115
LH,-233.99999999999994,1348.166558586444
LH,-229.99999999999994,1348.8468849706546
LH,-225.99999999999997,1349.392127011997
LH,-221.99999999999997,1349.7963454273572
LH,-218.0,1350.1970883386325
LH,-213.99999999999997,1351.0371774738683
LH,-209.99999999999994,1352.4949933807882
LH,-205.99999999999997,1354.6417403586408
LH,-201.99999999999997,1357.536911106821
LH,-197.99999999999997,1361.2326796934856
LH,-193.99999999999994,1365.777729591336
LH,-189.99999999999994,1371.2177793376238
LH,-185.99999999999997,1377.5976291210989
LH,-181.99999999999997,1384.963014181659
LH,-177.99999999999997,1393.36117291474
LH,-173.99999999999994,1402.8414813776062
LH,-169.99999999999997,1413.4566556088043
LH,-165.99999999999997,1425.264214369249
LH,-161.99999999999994,1438.3278620079334
LH,-157.99999999999994,1452.7185125172655
LH,-153.99999999999994,1468.5148215542251
HH,-450.0,950.1452127465734
HH,-446.0,956.5904586803167
HH,-442.0,963.1884705927138
HH,-438.0,969.9496700053847
HH,-434.00000000000006,976.8862989920382
HH,-430.0,984.0172441088658
HH,-426.0,991.3784769966747
HH,-422.0,998.98751811193
HH,-418.0,1006.8497480691549
HH,-414.0,1014.9742014770125
HH,-410.0,1023.3730120384301
HH,-406.0,1032.0613419593644
HH,-402.0,1041.0575448372251
HH,-397.99999999999994,1050.3835516389552
HH,-394.0,1060.0654809129835
HH,-390.0,1070.13451292077
HH,-386.0,1080.628077988549
HH,-382.0,1091.5913991836774
HH,-378.0,1103.08470706914
HH,-374.0,1115.19708289739
HH,-370.0,1128.0485977400563
HH,-366.0,1141.7985469920195
HH,-362.0,1156.6710539983953
HH,-358.0,1173.0036716483903
HH,-354.0,1191.350868401904
HH,-350.0,1212.7396184613576
HH,-346.0,1239.4311646597948
HH,-342.0,1277.7555936425865
HH,-338.0,1306.0188379126346
HH,-334.0,1315.3754817761476
HH,-330.0,1321.0256835944642
HH,-325.99999999999994,1325.3694467663915
HH,-321.99999999999994,1328.935041548311
HH,-318.0,1331.9628293794292
HH,-314.0,1334.58413148497
HH,-310.0,1336.8806762095608
HH,-306.0,1338.9060897029694
HH,-301.99999999999994,1340.6993134358681
HH,-298.0,1342.2885313605045
HH,-294.0,1343.6950634789416
HH,-289.99999999999994,1344.935793940486
HH,-285.99999999999994,1346.0239814367214
HH,-281.99999999999994,1346.9702760576656
HH,-278.0,1347.783197300781
HH,-274.0,1348.4694563557348
HH,-270.0,1349.0341536986023
HH,-265.99999999999994,1349.4806371460932
HH,-262.0,1349.8094185165173
HH,-258.0,1350.0720385758632
HH,-254.0,1350.7292596852137
HH,-249.99999999999994,1351.923375088703
HH,-245.99999999999997,1353.7370808830447
HH,-241.99999999999997,1356.220853646502
HH,-237.99999999999997,1359.4131609758467
HH,-233.99999999999994,1363.3497401610243
HH,-229.99999999999994,1368.0645548752716
HH,-225.99999999999997,1373.5887470435673
HH,-221.99999999999997,1379.9516091571709
HH,-218.0,1387.1819386659968
HH,-213.99999999999997,1395.3089392544125
HH,-209.99999999999994,1404.362737707437
HH,-205.99999999999997,1414.3751500876174
HH,-201.99999999999997,1425.3809257102225
HH,-197.99999999999997,1437.4185137066445
HH,-193.99999999999994,1450.5302322480316
HH,-189.99999999999994,1464.7626920769696
HH,-185.99999999999997,1480.16774722894
HH,-181.99999999999997,1496.8034487098716
HH,-177.99999999999997,1514.734810256781
HH,-173.99999999999994,1534.034902977669
HH,-169.99999999999997,1554.7859889714164
HH,-165.99999999999997,1577.08069155433
HH,-161.99999999999994,1601.0232688966653
HH,-157.99999999999994,1626.7308400556844
HH,-153.99999999999994,1654.3346314913279
