quantity,k_effect_at_cp_linear,cp_effect_at_k_linear,k_effect_at_cp_hold,cp_effect_at_k_hold,k_main_average,cp_main_average,interaction_HH_HL_LH_LL,joint_HH_minus_LL
L_um,43.213712463555225,-6.168857760595699,40.451770343843634,-8.93079988030729,41.83274140369943,-7.549828820451495,-2.761942119711591,34.282912583247935
W_um,0.10945140794945019,0.6755986588119924,0.07069637402872786,0.6368436248912701,0.09007389098908902,0.6562211418516313,-0.038755033920722326,0.7462950328407203
D_um,-1.0283374586335121,0.4930772686258891,-0.8163618854804362,0.705052841778965,-0.9223496720569742,0.599065055202427,0.2119755731530759,-0.3232846168545471
surface_peak_C,809.4996583430361,59.281335475414835,964.5920270710867,214.37370420346542,887.0458427070614,136.82751983944013,155.0923687280506,1023.8733625465015
Ts_rear_um,-42.487288722914684,6.223377970654269,-39.728932529991255,8.981734163577698,-41.10811062645297,7.602556067115984,2.7583561929234293,-33.505554559336986
Ts_front_um,0.726423740640513,0.05452021005854846,0.7228378138523723,0.05093428327040783,0.7246307772464426,0.052727246664478145,-0.0035859267881406254,0.7773580239109208
Tl_rear_um,-43.500431573763166,6.5302808771700995,-39.12999914790754,10.900713303025725,-41.31521536083535,8.715497090097912,4.3704324258556255,-32.59971827073744
Tl_front_um,1.0416202105302048,0.08821484601943297,1.025080240001735,0.07167487549096307,1.0333502252659699,0.07994486075519802,-0.016539970528469894,1.113295086021168
Tl_length_um,44.54205178429339,-6.4420660311506595,40.15507938790927,-10.829038427534783,42.34856558610133,-8.635552229342721,-4.386972396384124,33.71301335675861
rear_phase_span_um,-1.013142850848439,0.3069029065158446,0.598933382083743,1.9189791394480267,-0.207104734382348,1.1129410229819356,1.612076232932182,0.9058362885995876
rear_phase_passage_us,-1.2664285635605381,0.38362863314482354,0.7486667276046717,2.3987239243100333,-0.2588809179779332,1.3911762787274284,2.01509529116521,1.1322953607494952
liquid_half_volume_m3,2.4696000000000024e-14,9.119999999999864e-16,2.5128000000000047e-14,1.3440000000000092e-15,2.4912000000000036e-14,1.1279999999999978e-15,4.320000000000228e-16,2.6040000000000033e-14
mushy_half_volume_m3,-6.311999999999994e-15,4.559999999999932e-16,-5.327999999999995e-15,1.4399999999999918e-15,-5.819999999999994e-15,9.479999999999925e-16,9.839999999999986e-16,-4.872000000000002e-15
heat_to_Ts_half_J,0.00038744011902145173,-5.5427703648384605e-05,0.00036639266234854157,-7.647516032129476e-05,0.00037691639068499665,-6.595143198483968e-05,-2.1047456672910157e-05,0.00031096495870015697
heat_to_Tl_half_J,0.0004352980256111102,-5.637469709380855e-05,0.00040670294702976114,-8.496977567515763e-05,0.0004210004863204357,-7.067223638448309e-05,-2.8595078581349076e-05,0.0003503282499359526
hot_front_net_outward_latent_coordinate_W,-0.08720932596657804,0.049943475978088125,-0.09801168847818831,0.03914111346647786,-0.09261050722238318,0.04454229472228299,-0.010802362511610264,-0.04806821250010018
hot_front_net_outward_sensible_coordinate_W,0.35493359144153347,-0.0986664051827626,0.3497325831524547,-0.10386741347184136,0.3523330872969941,-0.10126690932730198,-0.005201008289078768,0.2510661779696921
hot_front_net_outward_diffusive_W,-0.19749672477409153,0.04872292844098247,-0.1814933553361051,0.06472629787896889,-0.18949504005509832,0.05672461315997568,0.016003369437986414,-0.13277042689512264
hot_rear_net_outward_latent_coordinate_W,0.15316908648354932,-0.07374441658718589,0.14186755166562648,-0.08504595140510873,0.1475183190745879,-0.07939518399614731,-0.011301534817922843,0.06812313507844059
hot_rear_net_outward_sensible_coordinate_W,-0.3398070876489492,0.10069460854218915,-0.3419289723229366,0.0985727238682017,-0.3408680299859429,0.09963366620519543,-0.0021218846739874397,-0.24123436378074747
hot_rear_net_outward_diffusive_W,0.1893441564501721,-0.016398356490615384,0.2288532788473603,0.023110765906572794,0.2090987176487662,0.003356204707978705,0.03950912239718818,0.2124549223567449
mushy_x_face_Pe_median,1.3365233342448457,-0.04682125122565317,1.3295508966256788,-0.05379368884482005,1.3330371154352623,-0.05030747003523661,-0.006972437619166882,1.2827296454000257
liquid_x_face_Pe_median,0.28467960463979947,-0.07377303593521095,0.2326858501554822,-0.1257667904195282,0.25868272739764087,-0.09976991317736958,-0.05199375448431731,0.15891281422027126
blackbody_no_feedback_absorbed_fraction,0.0006638126486904891,1.961608301046143e-05,0.0007880079216758455,0.00014381135599581788,0.0007259102851831673,8.171371950313965e-05,0.00012419527298535645,0.000807624004686307
