case,observable,simulated_um,experimental_um,expanded_uncertainty_um,deviation_percent,signed_difference_over_expanded_U,role
A,L,309.8856792638423,300.0,11.91,3.295226421280764,0.8300318441513259,nonblind class-level comparison
A,W,153.36005335598344,147.9,6.42,3.691719645695357,0.8504756006204724,nonblind class-level comparison
A,D,40.46931231766381,42.5,4.49,-4.778088664320455,-0.4522689715670809,nonblind class-level comparison
B,L,359.1575457177625,359.0,21.26,0.043884601048050864,0.007410428869355719,calibration
B,W,143.0406226383922,123.5,6.3,15.822366508819588,3.101686133078126,nonblind class-level comparison
B,D,31.12034988767346,36.0,3.97,-13.554583645351503,-1.2291310106615971,nonblind class-level comparison
C,L,320.6313629678825,370.0,32.57,-13.342874873545265,-1.5157702496812244,nonblind class-level comparison
C,W,129.04618690578758,106.0,4.48,21.741685760176964,5.144238148613298,nonblind class-level comparison
C,D,22.044541383670747,29.6,3.26,-25.52519802813937,-2.3176253424322866,nonblind class-level comparison
